variant,seed,attention_type,position_mode,step,step_loss,train_loss,val_loss,relation_entropy,relation_max_weight,relation_logit_mean,relation_logit_std,logit_scale,pair_gate
standard_embedding,123,standard,embedding,0,,8.166136264801025,8.17833161354065,,,,,,
standard_embedding,123,standard,embedding,100,7.696543216705322,7.598222076892853,7.73482346534729,,,,,,
standard_embedding,123,standard,embedding,200,7.509474277496338,7.326899230480194,7.420901417732239,,,,,,
standard_embedding,123,standard,embedding,300,7.371159553527832,7.265708804130554,7.347347319126129,,,,,,
standard_embedding,123,standard,embedding,400,7.229030132293701,7.262231886386871,7.334474563598633,,,,,,
standard_embedding,123,standard,embedding,500,7.28967809677124,7.266599178314209,7.3226688504219055,,,,,,
standard_embedding,123,standard,embedding,600,7.354625225067139,7.273407936096191,7.32274454832077,,,,,,
standard_embedding,123,standard,embedding,700,7.342477798461914,7.279577910900116,7.316488564014435,,,,,,
standard_embedding,123,standard,embedding,800,7.329742431640625,7.281124174594879,7.3167349100112915,,,,,,
standard_embedding,123,standard,embedding,900,7.232277870178223,7.279452443122864,7.311525821685791,,,,,,
standard_embedding,123,standard,embedding,1000,7.321246147155762,7.282123506069183,7.313291907310486,,,,,,
standard_embedding,123,standard,embedding,1100,7.3991875648498535,7.2737957239151,7.317541062831879,,,,,,
standard_embedding,123,standard,embedding,1200,7.257327079772949,7.274923920631409,7.312512040138245,,,,,,
standard_embedding,123,standard,embedding,1300,7.240727424621582,7.271668910980225,7.314422130584717,,,,,,
standard_embedding,123,standard,embedding,1400,7.285259246826172,7.269718766212463,7.311838090419769,,,,,,
standard_embedding,123,standard,embedding,1500,7.2471923828125,7.271418750286102,7.318518579006195,,,,,,
standard_embedding,123,standard,embedding,1600,7.335558891296387,7.281683623790741,7.320598006248474,,,,,,
standard_embedding,123,standard,embedding,1700,7.336213111877441,7.278366029262543,7.3164926171302795,,,,,,
standard_embedding,123,standard,embedding,1800,7.30891752243042,7.274409711360931,7.317545771598816,,,,,,
standard_embedding,123,standard,embedding,1900,7.460358142852783,7.269793093204498,7.3120463490486145,,,,,,
standard_embedding,123,standard,embedding,2000,7.313296318054199,7.274782955646515,7.310647785663605,,,,,,
standard_embedding,123,standard,embedding,2100,7.243218421936035,7.262814521789551,7.304354012012482,,,,,,
standard_embedding,123,standard,embedding,2200,7.276106834411621,7.250594437122345,7.298416256904602,,,,,,
standard_embedding,123,standard,embedding,2300,7.138993263244629,7.171569526195526,7.290146350860596,,,,,,
standard_embedding,123,standard,embedding,2400,7.437827110290527,7.169083535671234,7.277081608772278,,,,,,
standard_embedding,123,standard,embedding,2500,7.285001754760742,7.1714672446250916,7.265410900115967,,,,,,
standard_embedding,123,standard,embedding,2600,7.220618724822998,7.155180215835571,7.255932986736298,,,,,,
standard_embedding,123,standard,embedding,2700,7.204000473022461,7.148174345493317,7.242785453796387,,,,,,
standard_embedding,123,standard,embedding,2800,7.244742393493652,7.13802033662796,7.225146412849426,,,,,,
standard_embedding,123,standard,embedding,2900,7.140192985534668,7.118899881839752,7.203799486160278,,,,,,
standard_embedding,123,standard,embedding,3000,7.188410758972168,7.104188978672028,7.180842638015747,,,,,,
standard_embedding,123,standard,embedding,3100,7.268218994140625,7.084381818771362,7.159438133239746,,,,,,
standard_embedding,123,standard,embedding,3200,7.154327392578125,7.0660892724990845,7.135665774345398,,,,,,
standard_embedding,123,standard,embedding,3300,7.05783748626709,7.044836580753326,7.113404273986816,,,,,,
standard_embedding,123,standard,embedding,3400,7.089802265167236,7.011377155780792,7.091352880001068,,,,,,
standard_embedding,123,standard,embedding,3500,7.04478645324707,6.993313550949097,7.068785071372986,,,,,,
standard_embedding,123,standard,embedding,3600,7.055339813232422,6.957330226898193,7.0452059507369995,,,,,,
standard_embedding,123,standard,embedding,3700,6.934579849243164,6.925900340080261,7.01688677072525,,,,,,
standard_embedding,123,standard,embedding,3800,6.989341735839844,6.90066522359848,6.997856795787811,,,,,,
standard_embedding,123,standard,embedding,3900,6.970471382141113,6.8814831376075745,6.970215082168579,,,,,,
standard_embedding,123,standard,embedding,4000,6.976348876953125,6.844844579696655,6.937311232089996,,,,,,
standard_embedding,123,standard,embedding,4100,6.98839807510376,6.814958870410919,6.912034869194031,,,,,,
standard_embedding,123,standard,embedding,4200,6.723612308502197,6.7935686111450195,6.886609196662903,,,,,,
standard_embedding,123,standard,embedding,4300,6.8291096687316895,6.769179403781891,6.857206761837006,,,,,,
standard_embedding,123,standard,embedding,4400,6.733146667480469,6.7373098731040955,6.827145159244537,,,,,,
standard_embedding,123,standard,embedding,4500,6.820481300354004,6.702779591083527,6.794824421405792,,,,,,
standard_embedding,123,standard,embedding,4600,6.548887252807617,6.555284142494202,6.770996630191803,,,,,,
standard_embedding,123,standard,embedding,4700,6.748756408691406,6.548607170581818,6.742021203041077,,,,,,
standard_embedding,123,standard,embedding,4800,6.64369010925293,6.540366888046265,6.716435730457306,,,,,,
standard_embedding,123,standard,embedding,4900,6.720315933227539,6.516258776187897,6.700212836265564,,,,,,
standard_embedding,123,standard,embedding,5000,6.607758522033691,6.49660450220108,6.675407648086548,,,,,,
triangular_embedding,123,triangular,embedding,0,,8.166435599327087,8.161416172981262,3.7641046047210693,0.0713493674993515,-0.0009942476463038474,0.1948470175266266,1.0,0.11920291930437088
triangular_embedding,123,triangular,embedding,100,7.753316402435303,7.627570390701294,7.740286648273468,3.7587924003601074,0.07348334416747093,0.038878467050381005,0.22800640761852264,1.0077868103981018,0.11965849250555038
triangular_embedding,123,triangular,embedding,200,7.522507190704346,7.338688373565674,7.418787479400635,3.6144405603408813,0.10206770151853561,1.0052169150440022,0.7245617881417274,1.0321863293647766,0.11998049169778824
triangular_embedding,123,triangular,embedding,300,7.353481769561768,7.270232975482941,7.3450688123703,3.4380297660827637,0.13185306265950203,2.1433690265985206,1.0973703414201736,1.045555293560028,0.12025611847639084
triangular_embedding,123,triangular,embedding,400,7.206491470336914,7.261384308338165,7.331082999706268,3.3081538677215576,0.1545475721359253,3.2569486076245084,1.411585919559002,1.054024338722229,0.12028096616268158
triangular_embedding,123,triangular,embedding,500,7.298405647277832,7.267872095108032,7.320256352424622,3.256458044052124,0.16450151801109314,3.8645464037545025,1.5187065824866295,1.05812406539917,0.12056028097867966
triangular_embedding,123,triangular,embedding,600,7.356001377105713,7.274003028869629,7.320899844169617,3.2132554054260254,0.17506354674696922,4.416327220154926,1.6279185488820076,1.0630837678909302,0.12066221237182617
triangular_embedding,123,triangular,embedding,700,7.3445353507995605,7.282181680202484,7.314522922039032,3.171255588531494,0.18348528817296028,4.917208834784105,1.6833078861236572,1.0665878057479858,0.12070447951555252
triangular_embedding,123,triangular,embedding,800,7.315566062927246,7.281993925571442,7.3141748905181885,3.1811463832855225,0.18153099343180656,5.030846459325403,1.721305638551712,1.066088855266571,0.12068649381399155
triangular_embedding,123,triangular,embedding,900,7.230047225952148,7.279230296611786,7.311047434806824,3.155313730239868,0.1865956336259842,5.317723807878792,1.7585412561893463,1.0676149129867554,0.12085148692131042
triangular_embedding,123,triangular,embedding,1000,7.315133094787598,7.2789658308029175,7.309704840183258,3.137359142303467,0.19160746783018112,5.613966131117195,1.7518680468201637,1.0702054500579834,0.12102542817592621
triangular_embedding,123,triangular,embedding,1100,7.3987345695495605,7.27494204044342,7.31622177362442,3.153383255004883,0.18810301646590233,5.4992392275016755,1.7326010167598724,1.0684600472450256,0.12104518339037895
triangular_embedding,123,triangular,embedding,1200,7.251906394958496,7.275015354156494,7.308911979198456,3.14724338054657,0.18778158351778984,5.731518383137882,1.8035069406032562,1.0712408423423767,0.12124411016702652
triangular_embedding,123,triangular,embedding,1300,7.234035491943359,7.273269474506378,7.313440382480621,3.151658773422241,0.18739880248904228,5.6914393357001245,1.7323800027370453,1.0719728469848633,0.12133052945137024
triangular_embedding,123,triangular,embedding,1400,7.287068843841553,7.27118992805481,7.311145901679993,3.2079979181289673,0.17472075670957565,5.160934618208557,1.6731432676315308,1.0719789862632751,0.12125851958990097
triangular_embedding,123,triangular,embedding,1500,7.247998237609863,7.273850858211517,7.31469202041626,3.2263394594192505,0.17085545510053635,4.929895265027881,1.7558461129665375,1.071961522102356,0.12124282866716385
triangular_embedding,123,triangular,embedding,1600,7.339527130126953,7.282026708126068,7.317369043827057,3.2495373487472534,0.16656845808029175,4.513061692472547,1.6783411800861359,1.0713831186294556,0.12133077159523964
triangular_embedding,123,triangular,embedding,1700,7.335808753967285,7.279434323310852,7.3160563707351685,3.3025190830230713,0.1557406559586525,3.9139856048859656,1.6226166486740112,1.0689997673034668,0.12130982428789139
triangular_embedding,123,triangular,embedding,1800,7.297248840332031,7.276775062084198,7.313217103481293,3.3511935472488403,0.14628184586763382,3.4038443537428975,1.595492735505104,1.0691789388656616,0.1215081438422203
triangular_embedding,123,triangular,embedding,1900,7.467045783996582,7.271775841712952,7.309301018714905,3.4127670526504517,0.13340181857347488,2.7854348737746477,1.461014673113823,1.0699480772018433,0.12151386588811874
triangular_embedding,123,triangular,embedding,2000,7.312479019165039,7.279053330421448,7.308703899383545,3.487580180168152,0.12153571471571922,1.879438937176019,1.1564607620239258,1.0664565563201904,0.12160458788275719
triangular_embedding,123,triangular,embedding,2100,7.243593692779541,7.27243959903717,7.303874611854553,3.5707435607910156,0.10802310705184937,1.0923495618626475,1.0376554876565933,1.0631582140922546,0.12152289226651192
triangular_embedding,123,triangular,embedding,2200,7.284125804901123,7.257602214813232,7.294804036617279,3.6202008724212646,0.09902480617165565,0.2742701517418027,0.9941463619470596,1.0635442733764648,0.12145280092954636
triangular_embedding,123,triangular,embedding,2300,7.158491134643555,7.188348472118378,7.2851722240448,3.63177752494812,0.09560512378811836,-0.36355221131816506,0.8084732741117477,1.0732672214508057,0.12143568322062492
triangular_embedding,123,triangular,embedding,2400,7.432950019836426,7.184708893299103,7.272913634777069,3.6209793090820312,0.09818390756845474,-0.4715637294575572,0.8190003782510757,1.0996654033660889,0.12162324786186218
triangular_embedding,123,triangular,embedding,2500,7.30905818939209,7.1860703229904175,7.264041423797607,3.6184327602386475,0.10032911598682404,-0.38352639274671674,0.8061217963695526,1.118947982788086,0.12158142402768135
triangular_embedding,123,triangular,embedding,2600,7.273219585418701,7.181650519371033,7.256995797157288,3.6161524057388306,0.10201329737901688,-0.3507518218830228,0.7833716869354248,1.1309490203857422,0.12155548855662346
triangular_embedding,123,triangular,embedding,2700,7.217978477478027,7.170144319534302,7.245126724243164,3.60079026222229,0.10526537895202637,-0.387284841388464,0.827045127749443,1.1423423886299133,0.12170860171318054
triangular_embedding,123,triangular,embedding,2800,7.212886810302734,7.161488890647888,7.230177462100983,3.5977978706359863,0.1068020723760128,-0.37075592763721943,0.8082881569862366,1.150986909866333,0.12165839970111847
triangular_embedding,123,triangular,embedding,2900,7.175256729125977,7.145394444465637,7.208526194095612,3.5798639059066772,0.11114249750971794,-0.3886165041476488,0.829698920249939,1.1689139604568481,0.12178390473127365
triangular_embedding,123,triangular,embedding,3000,7.214845657348633,7.138922393321991,7.189393520355225,3.5783478021621704,0.11283395066857338,-0.3383209565654397,0.8074954450130463,1.1786039471626282,0.12193446978926659
triangular_embedding,123,triangular,embedding,3100,7.2782392501831055,7.11601859331131,7.167564272880554,3.577088475227356,0.11491160839796066,-0.31769068725407124,0.8098956048488617,1.186953365802765,0.12234992161393166
triangular_embedding,123,triangular,embedding,3200,7.216618537902832,7.097864985466003,7.148723721504211,3.5870893001556396,0.1134004294872284,-0.27602341398596764,0.7562103569507599,1.1890373229980469,0.12240982055664062
triangular_embedding,123,triangular,embedding,3300,7.114982604980469,7.0783222913742065,7.126949906349182,3.5818920135498047,0.11590679734945297,-0.2454566741362214,0.744453102350235,1.1998165845870972,0.1226750984787941
triangular_embedding,123,triangular,embedding,3400,7.112823963165283,7.0505698919296265,7.111316919326782,3.582351565361023,0.11644408106803894,-0.22127079032361507,0.7292158901691437,1.2031010389328003,0.12284763529896736
triangular_embedding,123,triangular,embedding,3500,7.072788715362549,7.029573619365692,7.08266544342041,3.5774420499801636,0.11771311238408089,-0.21835204306989908,0.7321396470069885,1.2066575288772583,0.12283454090356827
triangular_embedding,123,triangular,embedding,3600,7.06043815612793,6.9990227818489075,7.058745920658112,3.584277868270874,0.11677186191082001,-0.17631904315203428,0.6975953280925751,1.2099433541297913,0.12285861372947693
triangular_embedding,123,triangular,embedding,3700,7.044692039489746,6.976440489292145,7.034504771232605,3.578893780708313,0.11847910284996033,-0.15486225299537182,0.6916374862194061,1.2166746854782104,0.12296051159501076
triangular_embedding,123,triangular,embedding,3800,7.075535774230957,6.951205670833588,7.009492576122284,3.5909764766693115,0.11694038659334183,-0.11206968128681183,0.6459471881389618,1.2164860367774963,0.12283672019839287
triangular_embedding,123,triangular,embedding,3900,7.045354843139648,6.929453492164612,6.987206935882568,3.5810821056365967,0.11917160451412201,-0.11601606290787458,0.663813441991806,1.2245562672615051,0.12298238277435303
triangular_embedding,123,triangular,embedding,4000,7.029603004455566,6.901250779628754,6.957229852676392,3.58743155002594,0.11889885738492012,-0.07789911609143019,0.6330243051052094,1.2278074622154236,0.12326464056968689
triangular_embedding,123,triangular,embedding,4100,7.0139689445495605,6.868524074554443,6.933806359767914,3.5884135961532593,0.11896048113703728,-0.05782050359994173,0.6208818256855011,1.2315853834152222,0.12322154268622398
triangular_embedding,123,triangular,embedding,4200,6.750759601593018,6.848371982574463,6.910075306892395,3.59336256980896,0.11823219060897827,-0.04589153081178665,0.6047013998031616,1.2313364744186401,0.12327645719051361
triangular_embedding,123,triangular,embedding,4300,6.80293083190918,6.825384795665741,6.876272618770599,3.5888673067092896,0.1194290854036808,-0.04336616303771734,0.6142769455909729,1.2348262667655945,0.12341625243425369
triangular_embedding,123,triangular,embedding,4400,6.733226299285889,6.792106628417969,6.85102915763855,3.5828408002853394,0.12088045105338097,-0.025126226246356964,0.6165677905082703,1.2424836158752441,0.12359711527824402
triangular_embedding,123,triangular,embedding,4500,6.840020179748535,6.7592198848724365,6.824943959712982,3.582756996154785,0.1209048479795456,-0.027150839567184448,0.6152291595935822,1.2446537017822266,0.12357736378908157
triangular_embedding,123,triangular,embedding,4600,6.584338188171387,6.604158699512482,6.793949902057648,3.57599139213562,0.122609943151474,-0.021644359454512596,0.6251899898052216,1.2534108757972717,0.12371819466352463
triangular_embedding,123,triangular,embedding,4700,6.841266632080078,6.601064682006836,6.767581939697266,3.5835156440734863,0.12096712738275528,-0.012395201250910759,0.6104553043842316,1.2532570362091064,0.12399259209632874
triangular_embedding,123,triangular,embedding,4800,6.644232273101807,6.5869638323783875,6.740193605422974,3.570688009262085,0.12380240485072136,-0.02288595400750637,0.6411823630332947,1.260429322719574,0.12398343533277512
triangular_embedding,123,triangular,embedding,4900,6.73305606842041,6.5695160031318665,6.715691924095154,3.577552914619446,0.12240217626094818,-0.012287413701415062,0.6217845678329468,1.2581549882888794,0.12405502051115036
triangular_embedding,123,triangular,embedding,5000,6.716475486755371,6.542530715465546,6.693133652210236,3.5670862197875977,0.12521853670477867,-0.004684615880250931,0.6307726502418518,1.268860936164856,0.12413068488240242
alternating_embedding,123,alternating,embedding,0,,8.179928660392761,8.180674195289612,3.764204502105713,0.07164033502340317,-0.0029983525164425373,0.19127242267131805,1.0,0.11920291930437088
alternating_embedding,123,alternating,embedding,100,7.749598503112793,7.6238027811050415,7.757554888725281,3.7641801834106445,0.07131750136613846,0.029928885400295258,0.20120881497859955,1.0063999891281128,0.11900585889816284
alternating_embedding,123,alternating,embedding,200,7.496588706970215,7.33652263879776,7.429106175899506,3.733555793762207,0.08039028197526932,0.48331180214881897,0.3781910836696625,1.0282243490219116,0.12019768357276917
alternating_embedding,123,alternating,embedding,300,7.367353916168213,7.270380616188049,7.351133346557617,3.684577226638794,0.09098437428474426,1.0797837972640991,0.6941851377487183,1.04258131980896,0.12070588767528534
alternating_embedding,123,alternating,embedding,400,7.22230863571167,7.2624571323394775,7.3344064354896545,3.650216579437256,0.09791338443756104,1.5048675537109375,0.9334344863891602,1.050335168838501,0.12097038328647614
alternating_embedding,123,alternating,embedding,500,7.300060749053955,7.267633616924286,7.3245808482170105,3.623124122619629,0.10377997159957886,1.7828978300094604,1.1041399240493774,1.054688572883606,0.12139894813299179
alternating_embedding,123,alternating,embedding,600,7.360545635223389,7.276150345802307,7.325203776359558,3.6145968437194824,0.10466647148132324,1.9466891288757324,1.2577424049377441,1.0576772689819336,0.12149553000926971
alternating_embedding,123,alternating,embedding,700,7.336226463317871,7.2846444845199585,7.317315340042114,3.579542398452759,0.11041740328073502,2.2934110164642334,1.7469720840454102,1.0630431175231934,0.12172462791204453
alternating_embedding,123,alternating,embedding,800,7.329814910888672,7.2823591232299805,7.317665994167328,3.5523581504821777,0.11505209654569626,2.5657646656036377,2.1323208808898926,1.0655486583709717,0.12179900705814362
alternating_embedding,123,alternating,embedding,900,7.243415832519531,7.280645132064819,7.31444376707077,3.5662083625793457,0.1127060279250145,2.620784044265747,2.0102410316467285,1.0650684833526611,0.1220293641090393
alternating_embedding,123,alternating,embedding,1000,7.318310737609863,7.280619859695435,7.313874304294586,3.578617811203003,0.11055333912372589,2.5085701942443848,1.9256222248077393,1.062430500984192,0.12207144498825073
alternating_embedding,123,alternating,embedding,1100,7.394764423370361,7.275622487068176,7.316681385040283,3.5967488288879395,0.1072196513414383,2.4728283882141113,1.7092738151550293,1.0606626272201538,0.12206855416297913
alternating_embedding,123,alternating,embedding,1200,7.249499320983887,7.276197373867035,7.31292200088501,3.5927278995513916,0.1089867427945137,2.327674627304077,1.7145084142684937,1.0600931644439697,0.12215125560760498
alternating_embedding,123,alternating,embedding,1300,7.249237537384033,7.274182081222534,7.315374672412872,3.6048974990844727,0.10652533173561096,2.1987802982330322,1.6171436309814453,1.0580658912658691,0.12209080904722214
alternating_embedding,123,alternating,embedding,1400,7.278137683868408,7.271190643310547,7.31450879573822,3.6179656982421875,0.10387028008699417,1.9775289297103882,1.4344698190689087,1.0559090375900269,0.12225048243999481
alternating_embedding,123,alternating,embedding,1500,7.244076251983643,7.270742356777191,7.317983090877533,3.6056387424468994,0.10767941921949387,1.8461729288101196,1.4490877389907837,1.056846022605896,0.12230147421360016
alternating_embedding,123,alternating,embedding,1600,7.3390960693359375,7.283727049827576,7.322548985481262,3.621389389038086,0.10438976436853409,1.5181984901428223,1.487813949584961,1.0518704652786255,0.1220945417881012
alternating_embedding,123,alternating,embedding,1700,7.330662727355957,7.27654767036438,7.316867351531982,3.6258983612060547,0.10359302163124084,1.4024243354797363,1.4038199186325073,1.0502030849456787,0.12207245826721191
alternating_embedding,123,alternating,embedding,1800,7.293357849121094,7.274158716201782,7.317687153816223,3.642143726348877,0.10022085160017014,1.0300946235656738,1.1507073640823364,1.0460015535354614,0.12213832885026932
alternating_embedding,123,alternating,embedding,1900,7.4613423347473145,7.266904175281525,7.311392605304718,3.683575391769409,0.09085638076066971,0.6184324622154236,0.8854217529296875,1.0372861623764038,0.12208805978298187
alternating_embedding,123,alternating,embedding,2000,7.299569129943848,7.273680925369263,7.310671091079712,3.6983819007873535,0.0879519134759903,0.3785817325115204,0.6905065774917603,1.0334290266036987,0.12209564447402954
alternating_embedding,123,alternating,embedding,2100,7.234582424163818,7.266247093677521,7.303106486797333,3.721853256225586,0.08214230835437775,0.0014488439774140716,0.49593254923820496,1.027788519859314,0.1220383495092392
alternating_embedding,123,alternating,embedding,2200,7.274784088134766,7.251368939876556,7.295290946960449,3.6614508628845215,0.09185042977333069,-0.5218889117240906,0.6029479503631592,1.0438907146453857,0.12199905514717102
alternating_embedding,123,alternating,embedding,2300,7.155412673950195,7.175823628902435,7.283816397190094,3.5672447681427,0.10397303104400635,-0.8046441674232483,0.9488449096679688,1.069514513015747,0.12192971259355545
alternating_embedding,123,alternating,embedding,2400,7.4447526931762695,7.173388123512268,7.274112045764923,3.5798118114471436,0.10335303843021393,-0.6574417948722839,0.9889445900917053,1.0737512111663818,0.1218860074877739
alternating_embedding,123,alternating,embedding,2500,7.265537261962891,7.171765506267548,7.264252185821533,3.566413402557373,0.10631898045539856,-0.597458004951477,0.9835284948348999,1.0769288539886475,0.12199857085943222
alternating_embedding,123,alternating,embedding,2600,7.234921455383301,7.157330691814423,7.253453373908997,3.5865166187286377,0.10379845649003983,-0.6011539101600647,0.8781489133834839,1.0797919034957886,0.12185145169496536
alternating_embedding,123,alternating,embedding,2700,7.197270393371582,7.142986714839935,7.238873243331909,3.591907024383545,0.10403704643249512,-0.5767480134963989,0.8088178038597107,1.0824368000030518,0.12180468440055847
alternating_embedding,123,alternating,embedding,2800,7.1666059494018555,7.136299014091492,7.221019148826599,3.56964373588562,0.10776229947805405,-0.6221755743026733,0.8700700998306274,1.0858922004699707,0.1218583732843399
alternating_embedding,123,alternating,embedding,2900,7.132838726043701,7.123555898666382,7.204153954982758,3.58804988861084,0.10494391620159149,-0.49845293164253235,0.8126123547554016,1.0912925004959106,0.12193797528743744
alternating_embedding,123,alternating,embedding,3000,7.2183732986450195,7.110471069812775,7.177940487861633,3.617828130722046,0.10031656920909882,-0.4579032361507416,0.7397496104240417,1.0919749736785889,0.12197528779506683
alternating_embedding,123,alternating,embedding,3100,7.255784511566162,7.086950361728668,7.162368059158325,3.5814368724823,0.10418969392776489,-0.575537383556366,0.8509483933448792,1.1041332483291626,0.12204012274742126
alternating_embedding,123,alternating,embedding,3200,7.152989387512207,7.063256144523621,7.1375120878219604,3.607799530029297,0.10135862231254578,-0.4681396484375,0.7695263028144836,1.1058062314987183,0.12209660559892654
alternating_embedding,123,alternating,embedding,3300,7.103001117706299,7.0400338768959045,7.117993116378784,3.6034152507781982,0.10145901143550873,-0.45569267868995667,0.7846137285232544,1.1080849170684814,0.12207680940628052
alternating_embedding,123,alternating,embedding,3400,7.074848175048828,7.015595614910126,7.097944974899292,3.616333484649658,0.10028648376464844,-0.4098183214664459,0.7512159943580627,1.1123571395874023,0.1221000999212265
alternating_embedding,123,alternating,embedding,3500,7.009276866912842,6.9913870096206665,7.0779789686203,3.622781991958618,0.09892067313194275,-0.41707658767700195,0.7380880117416382,1.11576247215271,0.12214888632297516
alternating_embedding,123,alternating,embedding,3600,7.068343162536621,6.958674430847168,7.05025988817215,3.637274742126465,0.09707653522491455,-0.3583710491657257,0.6898543238639832,1.1190887689590454,0.12214362621307373
alternating_embedding,123,alternating,embedding,3700,6.984402656555176,6.934412837028503,7.029292404651642,3.635305404663086,0.0979946106672287,-0.3132038712501526,0.6848783493041992,1.1298304796218872,0.12216054648160934
alternating_embedding,123,alternating,embedding,3800,7.03497314453125,6.9086915254592896,7.005151093006134,3.6215381622314453,0.10047659277915955,-0.2904810309410095,0.7055954337120056,1.1388812065124512,0.12214433401823044
alternating_embedding,123,alternating,embedding,3900,6.9809722900390625,6.892020761966705,6.986813843250275,3.6235506534576416,0.10078532993793488,-0.273129940032959,0.6974695920944214,1.1436455249786377,0.12223012000322342
alternating_embedding,123,alternating,embedding,4000,6.952984809875488,6.856029450893402,6.95700079202652,3.6280765533447266,0.10163116455078125,-0.20568443834781647,0.6642765998840332,1.1536911725997925,0.12218533456325531
alternating_embedding,123,alternating,embedding,4100,7.027447700500488,6.82685911655426,6.931168615818024,3.620415210723877,0.10278435051441193,-0.21821005642414093,0.6903571486473083,1.1588650941848755,0.12228072434663773
alternating_embedding,123,alternating,embedding,4200,6.818487167358398,6.802749395370483,6.905133843421936,3.6260480880737305,0.10264889895915985,-0.18489666283130646,0.6583604216575623,1.165959119796753,0.12238821387290955
alternating_embedding,123,alternating,embedding,4300,6.852200984954834,6.783840477466583,6.876939356327057,3.623138904571533,0.10341888666152954,-0.19993069767951965,0.6694843173027039,1.1685007810592651,0.12242579460144043
alternating_embedding,123,alternating,embedding,4400,6.731874942779541,6.752813160419464,6.8493382930755615,3.634176254272461,0.10156510025262833,-0.17660187184810638,0.6429908275604248,1.1675053834915161,0.12252023071050644
alternating_embedding,123,alternating,embedding,4500,6.868654727935791,6.7212143540382385,6.824197292327881,3.6267263889312744,0.10294080525636673,-0.1559382677078247,0.6479724645614624,1.179496169090271,0.12260062992572784
alternating_embedding,123,alternating,embedding,4600,6.606386184692383,6.572153627872467,6.794819414615631,3.631051778793335,0.10296843200922012,-0.1221071258187294,0.6281789541244507,1.188613772392273,0.12284999340772629
alternating_embedding,123,alternating,embedding,4700,6.725160598754883,6.571953237056732,6.764934003353119,3.6453332901000977,0.10100477933883667,-0.11049512773752213,0.5946473479270935,1.1915117502212524,0.12293294817209244
alternating_embedding,123,alternating,embedding,4800,6.643582344055176,6.559092998504639,6.744015753269196,3.614497184753418,0.10717609524726868,-0.1261177808046341,0.6625525951385498,1.2112983465194702,0.1230025365948677
alternating_embedding,123,alternating,embedding,4900,6.756771564483643,6.533515989780426,6.7225905656814575,3.6105542182922363,0.10811834037303925,-0.12612532079219818,0.674239456653595,1.2168861627578735,0.12290632724761963
alternating_embedding,123,alternating,embedding,5000,6.612114429473877,6.511583924293518,6.70023787021637,3.611327886581421,0.10869699716567993,-0.10579407215118408,0.6585254669189453,1.2246397733688354,0.12306167930364609
standard_encoding,123,standard,encoding,0,,8.179069638252258,8.15334963798523,,,,,,
standard_encoding,123,standard,encoding,100,7.654254913330078,7.473747909069061,7.617033362388611,,,,,,
standard_encoding,123,standard,encoding,200,7.467624664306641,7.287598431110382,7.382528126239777,,,,,,
standard_encoding,123,standard,encoding,300,7.362276554107666,7.25405615568161,7.3339924812316895,,,,,,
standard_encoding,123,standard,encoding,400,7.226830005645752,7.255199551582336,7.3273473381996155,,,,,,
standard_encoding,123,standard,encoding,500,7.289281368255615,7.26496434211731,7.316355764865875,,,,,,
standard_encoding,123,standard,encoding,600,7.337703227996826,7.275102436542511,7.319209933280945,,,,,,
standard_encoding,123,standard,encoding,700,7.335824966430664,7.279777705669403,7.312724053859711,,,,,,
standard_encoding,123,standard,encoding,800,7.32379150390625,7.278619468212128,7.311434328556061,,,,,,
standard_encoding,123,standard,encoding,900,7.234375,7.274586617946625,7.307172238826752,,,,,,
standard_encoding,123,standard,encoding,1000,7.310725212097168,7.276184797286987,7.3067134618759155,,,,,,
standard_encoding,123,standard,encoding,1100,7.3938446044921875,7.269115746021271,7.311197876930237,,,,,,
standard_encoding,123,standard,encoding,1200,7.239631652832031,7.267565310001373,7.305752277374268,,,,,,
standard_encoding,123,standard,encoding,1300,7.231128692626953,7.263784170150757,7.30741024017334,,,,,,
standard_encoding,123,standard,encoding,1400,7.254638195037842,7.259041130542755,7.301496207714081,,,,,,
standard_encoding,123,standard,encoding,1500,7.220919132232666,7.254109442234039,7.302452981472015,,,,,,
standard_encoding,123,standard,encoding,1600,7.3236894607543945,7.259128153324127,7.301429629325867,,,,,,
standard_encoding,123,standard,encoding,1700,7.323792457580566,7.245634496212006,7.292886257171631,,,,,,
standard_encoding,123,standard,encoding,1800,7.262977600097656,7.232833206653595,7.285678446292877,,,,,,
standard_encoding,123,standard,encoding,1900,7.419905662536621,7.221534729003906,7.273279964923859,,,,,,
standard_encoding,123,standard,encoding,2000,7.276811599731445,7.221315503120422,7.2603312730789185,,,,,,
standard_encoding,123,standard,encoding,2100,7.23272705078125,7.203737139701843,7.243954837322235,,,,,,
standard_encoding,123,standard,encoding,2200,7.232918739318848,7.18591433763504,7.222350597381592,,,,,,
standard_encoding,123,standard,encoding,2300,7.06378698348999,7.081990301609039,7.211266994476318,,,,,,
standard_encoding,123,standard,encoding,2400,7.3687424659729,7.068046867847443,7.183071732521057,,,,,,
standard_encoding,123,standard,encoding,2500,7.166238784790039,7.060639679431915,7.164239823818207,,,,,,
standard_encoding,123,standard,encoding,2600,7.223152160644531,7.038725435733795,7.146335422992706,,,,,,
standard_encoding,123,standard,encoding,2700,7.133171558380127,7.014330744743347,7.120707392692566,,,,,,
standard_encoding,123,standard,encoding,2800,7.075192451477051,6.985715329647064,7.088047742843628,,,,,,
standard_encoding,123,standard,encoding,2900,6.928051948547363,6.959003448486328,7.059476852416992,,,,,,
standard_encoding,123,standard,encoding,3000,7.06802225112915,6.925024926662445,7.025367736816406,,,,,,
standard_encoding,123,standard,encoding,3100,7.090627193450928,6.886890113353729,6.9843379855155945,,,,,,
standard_encoding,123,standard,encoding,3200,6.968438625335693,6.847438871860504,6.945425093173981,,,,,,
standard_encoding,123,standard,encoding,3300,6.8404035568237305,6.803602397441864,6.903431177139282,,,,,,
standard_encoding,123,standard,encoding,3400,6.8397321701049805,6.758316993713379,6.8656803369522095,,,,,,
standard_encoding,123,standard,encoding,3500,6.804117202758789,6.717302739620209,6.826153755187988,,,,,,
standard_encoding,123,standard,encoding,3600,6.820664882659912,6.6707664132118225,6.78382271528244,,,,,,
standard_encoding,123,standard,encoding,3700,6.731753826141357,6.623513400554657,6.742747366428375,,,,,,
standard_encoding,123,standard,encoding,3800,6.694859504699707,6.585264265537262,6.708394885063171,,,,,,
standard_encoding,123,standard,encoding,3900,6.563605308532715,6.563840866088867,6.676301002502441,,,,,,
standard_encoding,123,standard,encoding,4000,6.630118370056152,6.524747908115387,6.636080801486969,,,,,,
standard_encoding,123,standard,encoding,4100,6.709060192108154,6.490704655647278,6.597741603851318,,,,,,
standard_encoding,123,standard,encoding,4200,6.394120216369629,6.464185059070587,6.570362746715546,,,,,,
standard_encoding,123,standard,encoding,4300,6.4943742752075195,6.450565695762634,6.538901329040527,,,,,,
standard_encoding,123,standard,encoding,4400,6.360375881195068,6.414955317974091,6.507403254508972,,,,,,
standard_encoding,123,standard,encoding,4500,6.528903961181641,6.378258526325226,6.48091048002243,,,,,,
standard_encoding,123,standard,encoding,4600,6.227841377258301,6.203882992267609,6.449119806289673,,,,,,
standard_encoding,123,standard,encoding,4700,6.291210174560547,6.213168799877167,6.422850668430328,,,,,,
standard_encoding,123,standard,encoding,4800,6.324252128601074,6.210230708122253,6.396533787250519,,,,,,
standard_encoding,123,standard,encoding,4900,6.45236873626709,6.188604116439819,6.3776708245277405,,,,,,
standard_encoding,123,standard,encoding,5000,6.427587509155273,6.179604947566986,6.355423331260681,,,,,,
triangular_encoding,123,triangular,encoding,0,,8.188647150993347,8.179059267044067,3.7655848264694214,0.07032928243279457,0.005289674852974713,0.19314856082201004,1.0,0.11920291930437088
triangular_encoding,123,triangular,encoding,100,7.570715427398682,7.483687579631805,7.627573788166046,3.765666961669922,0.0698600709438324,0.047511466313153505,0.21321386843919754,1.001542568206787,0.11882893368601799
triangular_encoding,123,triangular,encoding,200,7.461631774902344,7.293408274650574,7.389913022518158,3.765569567680359,0.06965990364551544,0.11622019484639168,0.238033264875412,1.0042702555656433,0.11846140027046204
triangular_encoding,123,triangular,encoding,300,7.364500045776367,7.2564385533332825,7.340676248073578,3.765628218650818,0.06954288482666016,0.1451105047017336,0.25004295259714127,1.0052448511123657,0.11844775825738907
triangular_encoding,123,triangular,encoding,400,7.235936164855957,7.255416691303253,7.3295252323150635,3.766556739807129,0.06922502815723419,0.1436347085982561,0.23653879016637802,1.0056029558181763,0.11833428591489792
triangular_encoding,123,triangular,encoding,500,7.279634952545166,7.266101837158203,7.321227550506592,3.7659597396850586,0.06936320662498474,0.15987072885036469,0.24911952018737793,1.007337510585785,0.11837636679410934
triangular_encoding,123,triangular,encoding,600,7.3500518798828125,7.273383915424347,7.321080803871155,3.766393780708313,0.06917926669120789,0.16183807142078876,0.24514810740947723,1.0070156455039978,0.11843854561448097
triangular_encoding,123,triangular,encoding,700,7.338768005371094,7.278342068195343,7.31394237279892,3.7664698362350464,0.06917058676481247,0.16968508809804916,0.24970338493585587,1.0074150562286377,0.11840780451893806
triangular_encoding,123,triangular,encoding,800,7.313834190368652,7.279180109500885,7.31455796957016,3.7664483785629272,0.06919676065444946,0.1491057388484478,0.23446830362081528,1.0084540247917175,0.1185014359652996
triangular_encoding,123,triangular,encoding,900,7.222241401672363,7.275680124759674,7.309543430805206,3.7663986682891846,0.06927337497472763,0.15796298068016768,0.2432752177119255,1.0080851316452026,0.11850103735923767
triangular_encoding,123,triangular,encoding,1000,7.314363479614258,7.275423645973206,7.309813380241394,3.7661582231521606,0.0694611556828022,0.1796035384759307,0.2622111290693283,1.0086258053779602,0.11854854971170425
triangular_encoding,123,triangular,encoding,1100,7.402034759521484,7.268015563488007,7.313690602779388,3.7663403749465942,0.06938895210623741,0.15987579338252544,0.24349817633628845,1.009225845336914,0.11856618523597717
triangular_encoding,123,triangular,encoding,1200,7.2537407875061035,7.266138195991516,7.308272182941437,3.7660176753997803,0.06957685574889183,0.13130270270630717,0.23687498271465302,1.0109344720840454,0.11871931329369545
triangular_encoding,123,triangular,encoding,1300,7.236510276794434,7.26222950220108,7.309999227523804,3.765373945236206,0.06987316906452179,0.11918599018827081,0.25231077522039413,1.0125759840011597,0.118843212723732
triangular_encoding,123,triangular,encoding,1400,7.278449058532715,7.256345808506012,7.303824007511139,3.763910174369812,0.07046206295490265,0.09455685107968748,0.24438216537237167,1.0167039632797241,0.11895667761564255
triangular_encoding,123,triangular,encoding,1500,7.238882064819336,7.251359522342682,7.305705785751343,3.763016939163208,0.07080970704555511,0.026437578722834587,0.23594842851161957,1.0180160999298096,0.11913276091217995
triangular_encoding,123,triangular,encoding,1600,7.3348565101623535,7.25183367729187,7.30612725019455,3.761853814125061,0.07116050645709038,-0.006000330438837409,0.22714412957429886,1.022058218717575,0.11919025704264641
triangular_encoding,123,triangular,encoding,1700,7.312868118286133,7.243113398551941,7.293233752250671,3.751970410346985,0.07403729110956192,-0.054892794229090214,0.30183154344558716,1.0376738905906677,0.11920731142163277
triangular_encoding,123,triangular,encoding,1800,7.243234634399414,7.232604384422302,7.280358374118805,3.7404696941375732,0.07694150879979134,-0.023612559773027897,0.33201150596141815,1.050725519657135,0.11935017257928848
triangular_encoding,123,triangular,encoding,1900,7.410842418670654,7.217525124549866,7.262433886528015,3.7204177379608154,0.08076608553528786,-0.030420242212130688,0.39976902306079865,1.0713726878166199,0.11945966258645058
triangular_encoding,123,triangular,encoding,2000,7.25468635559082,7.211489260196686,7.251383066177368,3.719954490661621,0.08166736736893654,-0.022081665927544236,0.3952597826719284,1.0825121998786926,0.11949906125664711
triangular_encoding,123,triangular,encoding,2100,7.191251754760742,7.1945512890815735,7.228707134723663,3.710115075111389,0.0839422345161438,-0.000920209102332592,0.426872581243515,1.1002739667892456,0.11956706643104553
triangular_encoding,123,triangular,encoding,2200,7.177211761474609,7.170738756656647,7.212041974067688,3.6922996044158936,0.08784676715731621,0.0007750857621431351,0.4769572764635086,1.1175732612609863,0.11967769637703896
triangular_encoding,123,triangular,encoding,2300,7.042361259460449,7.062707185745239,7.191976070404053,3.673837184906006,0.0921417586505413,0.029437518678605556,0.515765517950058,1.1356691718101501,0.11957351118326187
triangular_encoding,123,triangular,encoding,2400,7.285719394683838,7.043065845966339,7.170178830623627,3.66455078125,0.09445283189415932,0.03543803934007883,0.5282953232526779,1.1545931100845337,0.1197548434138298
triangular_encoding,123,triangular,encoding,2500,7.154139041900635,7.027830541133881,7.142772734165192,3.662038803100586,0.09500446543097496,0.035003939643502235,0.5407322496175766,1.1612265706062317,0.11992505937814713
triangular_encoding,123,triangular,encoding,2600,7.15369987487793,7.002658367156982,7.120038628578186,3.647670269012451,0.09818372130393982,0.08001316338777542,0.5644301474094391,1.17229163646698,0.11978906765580177
triangular_encoding,123,triangular,encoding,2700,7.1117353439331055,6.964656233787537,7.093022108078003,3.645284652709961,0.0995766706764698,0.08614080911502242,0.5600484758615494,1.1788789629936218,0.12007085978984833
triangular_encoding,123,triangular,encoding,2800,7.066341400146484,6.9371724128723145,7.057281851768494,3.63100266456604,0.1032847985625267,0.1108727646060288,0.5798317342996597,1.1906388998031616,0.11993611976504326
triangular_encoding,123,triangular,encoding,2900,6.931595802307129,6.9035621881484985,7.021491050720215,3.620259642601013,0.10578881949186325,0.13295711064711213,0.5901350229978561,1.2040690779685974,0.11996212229132652
triangular_encoding,123,triangular,encoding,3000,7.038260459899902,6.869615852832794,6.9867024421691895,3.6174824237823486,0.10621072351932526,0.13906135270372033,0.5913540124893188,1.2107093930244446,0.1199694387614727
triangular_encoding,123,triangular,encoding,3100,7.021524429321289,6.827606618404388,6.949568688869476,3.6039191484451294,0.10854220762848854,0.16662234056275338,0.6264159232378006,1.218955159187317,0.12016917392611504
triangular_encoding,123,triangular,encoding,3200,6.899340629577637,6.790692329406738,6.907237946987152,3.5936449766159058,0.110407255589962,0.20244657387956977,0.6494311839342117,1.224602222442627,0.12006724625825882
triangular_encoding,123,triangular,encoding,3300,6.825224876403809,6.749719619750977,6.867063999176025,3.5892724990844727,0.11174186691641808,0.20861271675676107,0.656636044383049,1.2307928800582886,0.12015567347407341
triangular_encoding,123,triangular,encoding,3400,6.726517677307129,6.714028239250183,6.835621237754822,3.579023599624634,0.11406384781002998,0.222609824500978,0.6808351874351501,1.238405704498291,0.12004809826612473
triangular_encoding,123,triangular,encoding,3500,6.76866340637207,6.6739848256111145,6.793043494224548,3.566865563392639,0.11691388115286827,0.23044368252158165,0.6949473768472672,1.2487679719924927,0.12011868506669998
triangular_encoding,123,triangular,encoding,3600,6.703301429748535,6.62374085187912,6.7613179087638855,3.56067430973053,0.11793860048055649,0.22571391519159079,0.7031846642494202,1.2551050782203674,0.12015911564230919
triangular_encoding,123,triangular,encoding,3700,6.731739044189453,6.5810622572898865,6.716738820075989,3.5544933080673218,0.11872409656643867,0.24556378554552794,0.7158572375774384,1.2607056498527527,0.12012767046689987
triangular_encoding,123,triangular,encoding,3800,6.710981369018555,6.549700617790222,6.682615518569946,3.5504565238952637,0.11942274495959282,0.25080025009810925,0.7250134944915771,1.2644264698028564,0.12009147554636002
triangular_encoding,123,triangular,encoding,3900,6.610925197601318,6.528623044490814,6.65494304895401,3.5388195514678955,0.12188781052827835,0.2648640600964427,0.7508265525102615,1.273781955242157,0.12014150619506836
triangular_encoding,123,triangular,encoding,4000,6.595444679260254,6.495709598064423,6.617479383945465,3.546298623085022,0.1201099380850792,0.23655799310654402,0.7319322675466537,1.2741621136665344,0.12013623490929604
triangular_encoding,123,triangular,encoding,4100,6.681211471557617,6.465212821960449,6.5840678215026855,3.543320655822754,0.12098705768585205,0.2212117575109005,0.7365894168615341,1.2793274521827698,0.12028799206018448
triangular_encoding,123,triangular,encoding,4200,6.4164276123046875,6.434621095657349,6.553352057933807,3.5503839254379272,0.11960560455918312,0.2249766057357192,0.727167621254921,1.2810900807380676,0.12031704932451248
triangular_encoding,123,triangular,encoding,4300,6.426543235778809,6.417014539241791,6.52863472700119,3.538928985595703,0.12175988405942917,0.23662257380783558,0.7491386532783508,1.2865402102470398,0.12045997381210327
triangular_encoding,123,triangular,encoding,4400,6.3998613357543945,6.389388799667358,6.494455456733704,3.534269690513611,0.1224982813000679,0.22845726739615202,0.7602729648351669,1.2934619784355164,0.12056167796254158
triangular_encoding,123,triangular,encoding,4500,6.517693996429443,6.355347633361816,6.469145238399506,3.525949478149414,0.12478114292025566,0.22478043753653765,0.7704765200614929,1.2984318733215332,0.12057707831263542
triangular_encoding,123,triangular,encoding,4600,6.236228942871094,6.179742395877838,6.442103922367096,3.519899606704712,0.12583588063716888,0.22191161569207907,0.7861576527357101,1.3008785247802734,0.12070425599813461
triangular_encoding,123,triangular,encoding,4700,6.368653297424316,6.188174307346344,6.409171760082245,3.526620864868164,0.12406658008694649,0.21166868787258863,0.7704302817583084,1.3027554154396057,0.12080841138958931
triangular_encoding,123,triangular,encoding,4800,6.296150207519531,6.1881760358810425,6.388723850250244,3.524370551109314,0.12447698041796684,0.2071047006174922,0.788304403424263,1.3083716034889221,0.12092243880033493
triangular_encoding,123,triangular,encoding,4900,6.337887763977051,6.169029593467712,6.369043290615082,3.5190166234970093,0.12574850767850876,0.21745488233864307,0.7937922328710556,1.312832534313202,0.12088781967759132
triangular_encoding,123,triangular,encoding,5000,6.372257232666016,6.153654336929321,6.345824718475342,3.510565757751465,0.12742651998996735,0.21061663422733545,0.8095088601112366,1.3222309350967407,0.12094270437955856
alternating_encoding,123,alternating,encoding,0,,8.168012022972107,8.15776526927948,3.7632548809051514,0.07100901007652283,-0.012422294355928898,0.2083548605442047,1.0,0.11920291930437088
alternating_encoding,123,alternating,encoding,100,7.562710762023926,7.4599809646606445,7.577764689922333,3.7682199478149414,0.06821198761463165,0.10126665234565735,0.26765915751457214,1.0000479221343994,0.11954142898321152
alternating_encoding,123,alternating,encoding,200,7.460077285766602,7.293346583843231,7.37865823507309,3.77123761177063,0.0670706108212471,0.23545342683792114,0.3535638749599457,1.0026350021362305,0.11996430903673172
alternating_encoding,123,alternating,encoding,300,7.362513065338135,7.259497761726379,7.338129222393036,3.7721261978149414,0.06673320382833481,0.2899390459060669,0.42285338044166565,1.0037604570388794,0.12014755606651306
alternating_encoding,123,alternating,encoding,400,7.216009616851807,7.259052515029907,7.330632328987122,3.7725672721862793,0.06652991473674774,0.33622321486473083,0.4559313952922821,1.004387378692627,0.1201411783695221
alternating_encoding,123,alternating,encoding,500,7.298741340637207,7.26539158821106,7.32251763343811,3.773057460784912,0.06633554399013519,0.31509435176849365,0.42944949865341187,1.0047180652618408,0.12039200216531754
alternating_encoding,123,alternating,encoding,600,7.347894668579102,7.276139974594116,7.32423859834671,3.773627281188965,0.0662030577659607,0.31458789110183716,0.4220939576625824,1.0048474073410034,0.12036550045013428
alternating_encoding,123,alternating,encoding,700,7.3499226570129395,7.282227158546448,7.313991010189056,3.7734851837158203,0.06619895994663239,0.3218078911304474,0.4387582540512085,1.0047168731689453,0.12053736299276352
alternating_encoding,123,alternating,encoding,800,7.3283185958862305,7.281572163105011,7.31363445520401,3.7731590270996094,0.06641604751348495,0.3457479476928711,0.4514874815940857,1.0050686597824097,0.12065300345420837
alternating_encoding,123,alternating,encoding,900,7.225368022918701,7.278332352638245,7.310570597648621,3.7718629837036133,0.06687168776988983,0.4068785607814789,0.5731980800628662,1.0074676275253296,0.12064972519874573
alternating_encoding,123,alternating,encoding,1000,7.320148468017578,7.277964949607849,7.309388220310211,3.771578788757324,0.06700093299150467,0.3926490545272827,0.5508326292037964,1.006746768951416,0.12041761726140976
alternating_encoding,123,alternating,encoding,1100,7.384223937988281,7.2733747363090515,7.3134565353393555,3.7711026668548584,0.0672505721449852,0.3343648314476013,0.4929821491241455,1.0062670707702637,0.12057135999202728
alternating_encoding,123,alternating,encoding,1200,7.2426605224609375,7.272596657276154,7.3082045912742615,3.770580768585205,0.06742076575756073,0.3059426546096802,0.4599570333957672,1.0068033933639526,0.12068906426429749
alternating_encoding,123,alternating,encoding,1300,7.247166633605957,7.266756474971771,7.307432174682617,3.7682204246520996,0.06811900436878204,0.2662062346935272,0.4416861832141876,1.0067923069000244,0.12052950263023376
alternating_encoding,123,alternating,encoding,1400,7.277749061584473,7.260698139667511,7.303024232387543,3.763749599456787,0.06958407163619995,0.28434738516807556,0.4517674744129181,1.0069384574890137,0.12040156126022339
alternating_encoding,123,alternating,encoding,1500,7.227489471435547,7.256570041179657,7.304719805717468,3.763669013977051,0.06966416537761688,0.1393623948097229,0.3759792149066925,1.0035496950149536,0.12044881284236908
alternating_encoding,123,alternating,encoding,1600,7.334758281707764,7.2615774273872375,7.305517077445984,3.7557809352874756,0.07197749614715576,0.03566751256585121,0.3349989652633667,1.003442406654358,0.12044328451156616
alternating_encoding,123,alternating,encoding,1700,7.33144474029541,7.251883149147034,7.296218991279602,3.7352757453918457,0.07624203711748123,-0.042174335569143295,0.38532981276512146,1.0133723020553589,0.12021337449550629
alternating_encoding,123,alternating,encoding,1800,7.264569282531738,7.240412533283234,7.284727096557617,3.7245655059814453,0.07875741273164749,-0.1617218405008316,0.5073020458221436,1.0150487422943115,0.12021504342556
alternating_encoding,123,alternating,encoding,1900,7.441740036010742,7.225991189479828,7.27350389957428,3.701213836669922,0.08306101709604263,-0.19714266061782837,0.6320175528526306,1.0313007831573486,0.12025868892669678
alternating_encoding,123,alternating,encoding,2000,7.281108856201172,7.219989001750946,7.262544691562653,3.6976242065429688,0.08455590158700943,-0.0581667423248291,0.5814640522003174,1.0391833782196045,0.12019878625869751
alternating_encoding,123,alternating,encoding,2100,7.2056121826171875,7.2055933475494385,7.244654178619385,3.681018590927124,0.08732032775878906,-0.11534268409013748,0.6815164685249329,1.0465906858444214,0.12021884322166443
alternating_encoding,123,alternating,encoding,2200,7.203686237335205,7.1893192529678345,7.221676886081696,3.682798147201538,0.08871446549892426,-0.05212371051311493,0.5848446488380432,1.0596932172775269,0.12032033503055573
alternating_encoding,123,alternating,encoding,2300,7.059473991394043,7.091980040073395,7.210620701313019,3.7089529037475586,0.08453085273504257,-0.05436103790998459,0.47055286169052124,1.0624513626098633,0.12027433514595032
alternating_encoding,123,alternating,encoding,2400,7.318658828735352,7.077244877815247,7.180065214633942,3.70086669921875,0.08614705502986908,-0.05811777338385582,0.494085431098938,1.071036458015442,0.12028944492340088
alternating_encoding,123,alternating,encoding,2500,7.152434825897217,7.0629507303237915,7.161011099815369,3.695908546447754,0.0869549810886383,-0.09837697446346283,0.525166928768158,1.076123833656311,0.12027352303266525
alternating_encoding,123,alternating,encoding,2600,7.210577964782715,7.042624473571777,7.1428382396698,3.6895623207092285,0.08870649337768555,-0.1198362484574318,0.5516115427017212,1.0903704166412354,0.12036401778459549
alternating_encoding,123,alternating,encoding,2700,7.10948371887207,7.020189106464386,7.117154598236084,3.67834210395813,0.09204846620559692,-0.06943490356206894,0.5591204762458801,1.102777361869812,0.12045878171920776
alternating_encoding,123,alternating,encoding,2800,7.067556858062744,6.9900888204574585,7.088922083377838,3.6623780727386475,0.09566813707351685,-0.0899854302406311,0.6018639802932739,1.1153448820114136,0.1204441487789154
alternating_encoding,123,alternating,encoding,2900,6.950535774230957,6.968457043170929,7.057563304901123,3.6847171783447266,0.0918896496295929,-0.058005981147289276,0.5114846229553223,1.1259310245513916,0.12036292254924774
alternating_encoding,123,alternating,encoding,3000,7.111565589904785,6.946046054363251,7.025802373886108,3.6926827430725098,0.09001609683036804,-0.048671938478946686,0.485431969165802,1.1283643245697021,0.12047985941171646
alternating_encoding,123,alternating,encoding,3100,7.044366836547852,6.908878266811371,6.996459662914276,3.6768856048583984,0.09393585473299026,-0.076260507106781,0.5298900604248047,1.1393320560455322,0.12054624408483505
alternating_encoding,123,alternating,encoding,3200,6.946684837341309,6.878098666667938,6.958774387836456,3.692692756652832,0.08998186141252518,-0.06187843158841133,0.4880780875682831,1.1366068124771118,0.12058471143245697
alternating_encoding,123,alternating,encoding,3300,6.963930130004883,6.841142237186432,6.925672650337219,3.6860275268554688,0.09186744689941406,-0.06713385879993439,0.5095317959785461,1.1397677659988403,0.12066851556301117
alternating_encoding,123,alternating,encoding,3400,6.881748676300049,6.807579755783081,6.895705163478851,3.6971237659454346,0.08928795158863068,-0.04858541488647461,0.4551752805709839,1.1432634592056274,0.12080644816160202
alternating_encoding,123,alternating,encoding,3500,6.831108093261719,6.776866793632507,6.857489228248596,3.6944851875305176,0.08991329371929169,-0.04871373623609543,0.4671339988708496,1.1482421159744263,0.12086650729179382
alternating_encoding,123,alternating,encoding,3600,6.808182716369629,6.730395436286926,6.816735923290253,3.704158306121826,0.08779829740524292,-0.04089989885687828,0.43651726841926575,1.1495293378829956,0.12076838314533234
alternating_encoding,123,alternating,encoding,3700,6.786459922790527,6.68645977973938,6.77835887670517,3.7070631980895996,0.08698851615190506,-0.03521274775266647,0.421425461769104,1.147576093673706,0.1207529604434967
alternating_encoding,123,alternating,encoding,3800,6.680490016937256,6.649831235408783,6.741344690322876,3.7064881324768066,0.0871206521987915,-0.025454005226492882,0.4243875741958618,1.1507450342178345,0.12069427967071533
alternating_encoding,123,alternating,encoding,3900,6.644893169403076,6.632563889026642,6.712078392505646,3.7041420936584473,0.08774533867835999,-0.02079990692436695,0.42319416999816895,1.159178376197815,0.12070484459400177
alternating_encoding,123,alternating,encoding,4000,6.644219875335693,6.5921207666397095,6.677277565002441,3.71351957321167,0.08584443479776382,-0.017170991748571396,0.39631137251853943,1.1623317003250122,0.1207820475101471
alternating_encoding,123,alternating,encoding,4100,6.781872272491455,6.560177862644196,6.636144697666168,3.7132301330566406,0.08584903180599213,-0.013652759604156017,0.39443451166152954,1.1659187078475952,0.12077797949314117
alternating_encoding,123,alternating,encoding,4200,6.476264953613281,6.5249651074409485,6.611819863319397,3.7089686393737793,0.08703403919935226,-0.015230915509164333,0.4055718779563904,1.1742403507232666,0.12074284255504608
alternating_encoding,123,alternating,encoding,4300,6.534392833709717,6.504728674888611,6.577055513858795,3.7090766429901123,0.08690858632326126,-0.009260647930204868,0.40382856130599976,1.1821867227554321,0.1208653599023819
alternating_encoding,123,alternating,encoding,4400,6.466833114624023,6.468408465385437,6.543237924575806,3.7042417526245117,0.08812737464904785,-0.014537866227328777,0.41629758477211,1.1891847848892212,0.1209086924791336
alternating_encoding,123,alternating,encoding,4500,6.51269006729126,6.434727668762207,6.514707148075104,3.7027547359466553,0.08842816948890686,-0.018669087439775467,0.4238554835319519,1.1976308822631836,0.12087705731391907
alternating_encoding,123,alternating,encoding,4600,6.301151275634766,6.256155729293823,6.485911548137665,3.700122833251953,0.08917221426963806,-0.010435950942337513,0.426196813583374,1.2027981281280518,0.12125305831432343
alternating_encoding,123,alternating,encoding,4700,6.381255149841309,6.2628889083862305,6.466390609741211,3.710660457611084,0.08693484961986542,-0.006802393589168787,0.39566412568092346,1.2045015096664429,0.12136180698871613
alternating_encoding,123,alternating,encoding,4800,6.275250434875488,6.252765953540802,6.426796555519104,3.696681022644043,0.08997835218906403,-0.0167012270539999,0.442117840051651,1.2118440866470337,0.12178391218185425
alternating_encoding,123,alternating,encoding,4900,6.39626407623291,6.235415279865265,6.407641649246216,3.704824447631836,0.08816735446453094,-0.005352981388568878,0.4152170419692993,1.2147414684295654,0.12184466421604156
alternating_encoding,123,alternating,encoding,5000,6.360937118530273,6.2222625613212585,6.387358784675598,3.6918458938598633,0.09171447157859802,0.004515253473073244,0.44064950942993164,1.2248070240020752,0.12210068851709366
